{
  "Right Option Key Sends" : 0,
  "Tags" : [

  ],
  "Ansi 12 Color" : {
    "Red Component" : 0.44629907608032227,
    "Color Space" : "sRGB",
    "Blue Component" : 0.9508097767829895,
    "Alpha Component" : 1,
    "Green Component" : 0.74439483880996704
  },
  "Use Non-ASCII Font" : true,
  "Ansi 6 Color" : {
    "Red Component" : 0.39768177270889282,
    "Color Space" : "sRGB",
    "Blue Component" : 0.80495297908782959,
    "Alpha Component" : 1,
    "Green Component" : 0.76067376136779785
  },
  "Bold Color" : {
    "Red Component" : 0.72623991966247559,
    "Color Space" : "sRGB",
    "Blue Component" : 0.79459840059280396,
    "Alpha Component" : 1,
    "Green Component" : 0.75171965360641479
  },
  "Normal Font" : "SourceCodePro-Regular 13",
  "Horizontal Spacing" : 1,
  "Ansi 3 Color" : {
    "Red Component" : 0.85765749216079712,
    "Color Space" : "sRGB",
    "Blue Component" : 0.47426080703735352,
    "Alpha Component" : 1,
    "Green Component" : 0.6669049859046936
  },
  "Rows" : 40,
  "Default Bookmark" : "No",
  "Ansi 4 Color" : {
    "Red Component" : 0.44629907608032227,
    "Color Space" : "sRGB",
    "Blue Component" : 0.9508097767829895,
    "Alpha Component" : 1,
    "Green Component" : 0.74439483880996704
  },
  "Blend" : 0.050000000000000003,
  "Cursor Guide Color" : {
    "Red Component" : 0.70213186740875244,
    "Color Space" : "sRGB",
    "Blue Component" : 1,
    "Alpha Component" : 0.25,
    "Green Component" : 0.9268307089805603
  },
  "Non-ASCII Anti Aliased" : true,
  "Use Bright Bold" : true,
  "Ansi 10 Color" : {
    "Red Component" : 0.65606218576431274,
    "Color Space" : "sRGB",
    "Blue Component" : 0.54745244979858398,
    "Alpha Component" : 1,
    "Green Component" : 0.79839777946472168
  },
  "Use Cursor Guide" : false,
  "Ambiguous Double Width" : false,
  "Jobs to Ignore" : [
    "rlogin",
    "ssh",
    "slogin",
    "telnet"
  ],
  "Ansi 15 Color" : {
    "Red Component" : 0.9999966025352478,
    "Color Space" : "sRGB",
    "Blue Component" : 0.99999994039535522,
    "Alpha Component" : 1,
    "Green Component" : 0.99999994039535522
  },
  "Foreground Color" : {
    "Red Component" : 0.8141326904296875,
    "Color Space" : "sRGB",
    "Blue Component" : 1,
    "Alpha Component" : 1,
    "Green Component" : 0.9407309889793396
  },
  "Bound Hosts" : [

  ],
  "Working Directory" : "\/Users\/dylan",
  "Blinking Cursor" : true,
  "Use Tab Color" : false,
  "Sync Title" : false,
  "Prompt Before Closing 2" : false,
  "BM Growl" : true,
  "Command" : "\/usr\/local\/bin\/zsh",
  "Description" : "Default",
  "Smart Cursor Color" : false,
  "Disable Window Resizing" : true,
  "Screen" : -1,
  "Selection Color" : {
    "Red Component" : 0.43546438217163086,
    "Color Space" : "sRGB",
    "Blue Component" : 0.51439088582992554,
    "Alpha Component" : 1,
    "Green Component" : 0.46512907743453979
  },
  "Mouse Reporting" : true,
  "Only The Default BG Color Uses Transparency" : false,
  "Columns" : 120,
  "Idle Code" : 0,
  "Ansi 13 Color" : {
    "Red Component" : 0.82347232103347778,
    "Color Space" : "sRGB",
    "Blue Component" : 0.89314508438110352,
    "Alpha Component" : 1,
    "Green Component" : 0.5672115683555603
  },
  "Custom Command" : "No",
  "ASCII Anti Aliased" : true,
  "Non Ascii Font" : "SourceCodePro-Regular 13",
  "Vertical Spacing" : 1,
  "Use Bold Font" : true,
  "Option Key Sends" : 0,
  "Selected Text Color" : {
    "Red Component" : 0.29196262359619141,
    "Color Space" : "sRGB",
    "Blue Component" : 0.36653554439544678,
    "Alpha Component" : 1,
    "Green Component" : 0.31614315509796143
  },
  "Background Color" : {
    "Red Component" : 0,
    "Color Space" : "sRGB",
    "Blue Component" : 0,
    "Alpha Component" : 1,
    "Green Component" : 0
  },
  "Character Encoding" : 4,
  "Ansi 11 Color" : {
    "Red Component" : 0.85765749216079712,
    "Color Space" : "sRGB",
    "Blue Component" : 0.47426080703735352,
    "Alpha Component" : 1,
    "Green Component" : 0.6669049859046936
  },
  "Thin Strokes" : 1,
  "Use Italic Font" : true,
  "Unlimited Scrollback" : false,
  "Keyboard Map" : {
    "0xf700-0x260000" : {
      "Text" : "[1;6A",
      "Action" : 10
    },
    "0x37-0x40000" : {
      "Text" : "0x1f",
      "Action" : 11
    },
    "0x32-0x40000" : {
      "Text" : "0x00",
      "Action" : 11
    },
    "0xf709-0x20000" : {
      "Text" : "[17;2~",
      "Action" : 10
    },
    "0xf70c-0x20000" : {
      "Text" : "[20;2~",
      "Action" : 10
    },
    "0xf729-0x20000" : {
      "Text" : "[1;2H",
      "Action" : 10
    },
    "0xf72b-0x40000" : {
      "Text" : "[1;5F",
      "Action" : 10
    },
    "0xf705-0x20000" : {
      "Text" : "[1;2Q",
      "Action" : 10
    },
    "0xf703-0x260000" : {
      "Text" : "[1;6C",
      "Action" : 10
    },
    "0xf700-0x220000" : {
      "Text" : "[1;2A",
      "Action" : 10
    },
    "0xf701-0x280000" : {
      "Text" : "0x1b 0x1b 0x5b 0x42",
      "Action" : 11
    },
    "0x38-0x40000" : {
      "Text" : "0x7f",
      "Action" : 11
    },
    "0x33-0x40000" : {
      "Text" : "0x1b",
      "Action" : 11
    },
    "0xf703-0x220000" : {
      "Text" : "[1;2C",
      "Action" : 10
    },
    "0xf701-0x240000" : {
      "Text" : "[1;5B",
      "Action" : 10
    },
    "0xf70d-0x20000" : {
      "Text" : "[21;2~",
      "Action" : 10
    },
    "0xf702-0x260000" : {
      "Text" : "[1;6D",
      "Action" : 10
    },
    "0xf729-0x40000" : {
      "Text" : "[1;5H",
      "Action" : 10
    },
    "0xf706-0x20000" : {
      "Text" : "[1;2R",
      "Action" : 10
    },
    "0x34-0x40000" : {
      "Text" : "0x1c",
      "Action" : 11
    },
    "0xf700-0x280000" : {
      "Text" : "0x1b 0x1b 0x5b 0x41",
      "Action" : 11
    },
    "0x2d-0x40000" : {
      "Text" : "0x1f",
      "Action" : 11
    },
    "0xf70e-0x20000" : {
      "Text" : "[23;2~",
      "Action" : 10
    },
    "0xf702-0x220000" : {
      "Text" : "[1;2D",
      "Action" : 10
    },
    "0xf703-0x280000" : {
      "Text" : "0x1b 0x1b 0x5b 0x43",
      "Action" : 11
    },
    "0xf700-0x240000" : {
      "Text" : "[1;5A",
      "Action" : 10
    },
    "0xf707-0x20000" : {
      "Text" : "[1;2S",
      "Action" : 10
    },
    "0xf70a-0x20000" : {
      "Text" : "[18;2~",
      "Action" : 10
    },
    "0x35-0x40000" : {
      "Text" : "0x1d",
      "Action" : 11
    },
    "0xf70f-0x20000" : {
      "Text" : "[24;2~",
      "Action" : 10
    },
    "0xf703-0x240000" : {
      "Text" : "[1;5C",
      "Action" : 10
    },
    "0xf701-0x260000" : {
      "Text" : "[1;6B",
      "Action" : 10
    },
    "0xf702-0x280000" : {
      "Text" : "0x1b 0x1b 0x5b 0x44",
      "Action" : 11
    },
    "0xf72b-0x20000" : {
      "Text" : "[1;2F",
      "Action" : 10
    },
    "0x36-0x40000" : {
      "Text" : "0x1e",
      "Action" : 11
    },
    "0xf708-0x20000" : {
      "Text" : "[15;2~",
      "Action" : 10
    },
    "0xf701-0x220000" : {
      "Text" : "[1;2B",
      "Action" : 10
    },
    "0xf70b-0x20000" : {
      "Text" : "[19;2~",
      "Action" : 10
    },
    "0xf702-0x240000" : {
      "Text" : "[1;5D",
      "Action" : 10
    },
    "0xf704-0x20000" : {
      "Text" : "[1;2P",
      "Action" : 10
    }
  },
  "Cursor Boost" : 0,
  "Window Type" : 0,
  "Blur" : false,
  "Badge Color" : {
    "Red Component" : 1,
    "Color Space" : "sRGB",
    "Blue Component" : 0,
    "Alpha Component" : 0.5,
    "Green Component" : 0.1491314172744751
  },
  "Scrollback Lines" : 1000,
  "Send Code When Idle" : false,
  "Close Sessions On End" : true,
  "Terminal Type" : "xterm-256color",
  "Visual Bell" : false,
  "Flashing Bell" : false,
  "Silence Bell" : true,
  "Use Underline Color" : false,
  "Ansi 14 Color" : {
    "Red Component" : 0.39768177270889282,
    "Color Space" : "sRGB",
    "Blue Component" : 0.80495297908782959,
    "Alpha Component" : 1,
    "Green Component" : 0.76067376136779785
  },
  "Name" : "grb",